Top pages,Clicks,Impressions,CTR,Position,CTR_pct
https://ngsolutions.training/,11,314,3.5%,12.15,3.5
https://ngsolutions.training/producto/introduccion-al-ingles-para-profesionales-de-la-limpieza/,2,109,1.83%,8.93,1.83
https://ngsolutions.training/tienda/,1,52,1.92%,10.19,1.92
https://ngsolutions.training/contacto/,1,50,2%,22.74,2.0
https://ngsolutions.training/categoria-producto/curso-en-linea-ng/,1,27,3.7%,14.19,3.7
https://ngsolutions.training/programa-de-afiliados/,1,12,8.33%,6.92,8.33
https://ngsolutions.training/producto/mentoria-intensiva-para-empresas-de-limpieza-en-fase-0/,0,7,0%,3.57,0.0
https://ngsolutions.training/producto/team-leader/,0,6,0%,18.83,0.0
https://ngsolutions.training/categoria-producto/curso-en-linea-ng/?add-to-cart=529,0,6,0%,27.5,0.0
https://ngsolutions.training/categoria-producto/curso-en-linea-ng/?add-to-cart=4362,0,5,0%,8.6,0.0
https://ngsolutions.training/producto/mentoria-empresarial-marketing-estrategico-ventas-y-automatizacion-con-jobber/,0,4,0%,7.0,0.0
https://ngsolutions.training/producto/10-formas-de-usar-la-inteligencia-artificial-en-empresas-de-limpieza/,0,4,0%,7.25,0.0
https://ngsolutions.training/noticias/,0,4,0%,7.5,0.0
https://ngsolutions.training/categoria-producto/curso-en-linea-ng/?add-to-cart=4404,0,4,0%,24.25,0.0
https://ngsolutions.training/producto/ebook-el-ph-en-productos-de-limpieza/,0,4,0%,55.0,0.0
https://ngsolutions.training/categoria-producto/mentoria/,0,3,0%,3.67,0.0
https://ngsolutions.training/networking/,0,3,0%,4.0,0.0
https://ngsolutions.training/producto/guia-de-vocabulario-en-ingles-para-profesionales-de-la-limpieza-2/,0,3,0%,13.33,0.0
https://ngsolutions.training/courses/atencion-al-cliente/,0,2,0%,3.0,0.0
https://ngsolutions.training/mentorias/,0,2,0%,4.5,0.0
https://ngsolutions.training/courses/,0,2,0%,5.0,0.0
https://ngsolutions.training/producto/guia-completa-sobre-el-ph-en-productos-de-limpieza/?add-to-cart=4457,0,2,0%,5.0,0.0
https://ngsolutions.training/producto/guia-completa-de-ventas-para-empresas-de-limpieza/,0,2,0%,5.5,0.0
https://ngsolutions.training/categoria-producto/empresa/,0,2,0%,7.5,0.0
https://ngsolutions.training/courses/entrenando-a-los-entrenadores/,0,1,0%,1.0,0.0
https://ngsolutions.training/author/infongsolutions-training/,0,1,0%,5.0,0.0
https://ngsolutions.training/recursos/,0,1,0%,6.0,0.0
https://ngsolutions.training/tu-empresa-de-limpieza-no-vende-lo-suficiente-aunque-trabajes-todo-el-dia/,0,1,0%,7.0,0.0
https://ngsolutions.training/courses/errores-comunes-en-la-limpieza-residencial-de-tecnico-a-experto-lo-que-marca-la-diferencia/,0,1,0%,9.0,0.0
https://ngsolutions.training/producto/mini-coleccion-de-prompts/,0,1,0%,9.0,0.0
https://ngsolutions.training/producto/taller-presencial-optimiza-tu-negocio-y-escala-con-exito/,0,1,0%,9.0,0.0
https://ngsolutions.training/producto/plantilla-vision-de-mercado-mi/,0,1,0%,10.0,0.0
https://ngsolutions.training/user-account/?redirect_to=https://ngsolutions.training/courses/entrenando-a-los-entrenadores/,0,1,0%,10.0,0.0
https://ngsolutions.training/producto/10-reglas-de-oro-para-evitar-problemas-de-liquidez/,0,1,0%,11.0,0.0
https://ngsolutions.training/courses/team-leader-liderazgo-y-gestion-para-equipos-de-trabajo/,0,1,0%,12.0,0.0
https://ngsolutions.training/terminos-y-condiciones-para-el-envio-de-sms/,0,1,0%,25.0,0.0
